{
  "particle_count": [
    {
      "params": {
        "N_P": 20,
        "T_max": 100,
        "c_1": 2.0,
        "c_2": 2.0,
        "w_strategy": "legacy",
        "p_m_base": 0.0,
        "select_gb": "random"
      },
      "time": 4.2403072118759155,
      "n_solutions": 100.0,
      "hypervolume": 0.01321851355122567,
      "spacing": 0.0005880392866196731,
      "ecr_range": [
        0.10444444444444445,
        0.12222222222222223
      ],
      "j_range": [
        0.02367123293715475,
        0.025560566812039415
      ],
      "std_hv": 0.004627861589775506
    },
    {
      "params": {
        "N_P": 30,
        "T_max": 100,
        "c_1": 2.0,
        "c_2": 2.0,
        "w_strategy": "legacy",
        "p_m_base": 0.0,
        "select_gb": "random"
      },
      "time": 6.642211198806763,
      "n_solutions": 100.0,
      "hypervolume": 0.022193508913330415,
      "spacing": 0.0008394981506512412,
      "ecr_range": [
        0.0755555555555556,
        0.10444444444444445
      ],
      "j_range": [
        0.025585155346788478,
        0.033205392433956676
      ],
      "std_hv": 0.007716974714370938
    },
    {
      "params": {
        "N_P": 50,
        "T_max": 100,
        "c_1": 2.0,
        "c_2": 2.0,
        "w_strategy": "legacy",
        "p_m_base": 0.0,
        "select_gb": "random"
      },
      "time": 9.060173392295837,
      "n_solutions": 100.0,
      "hypervolume": 0.054998727955648974,
      "spacing": 0.0021583658861949353,
      "ecr_range": [
        0.06444444444444442,
        0.1288888888888889
      ],
      "j_range": [
        0.02167088754663147,
        0.053902141212835424
      ],
      "std_hv": 0.022351638569764427
    },
    {
      "params": {
        "N_P": 80,
        "T_max": 100,
        "c_1": 2.0,
        "c_2": 2.0,
        "w_strategy": "legacy",
        "p_m_base": 0.0,
        "select_gb": "random"
      },
      "time": 14.51510465145111,
      "n_solutions": 100.0,
      "hypervolume": 0.04939778855404635,
      "spacing": 0.0026150462808521356,
      "ecr_range": [
        0.062222222222222234,
        0.12
      ],
      "j_range": [
        0.021755484931568335,
        0.04989666082866388
      ],
      "std_hv": 0.02460332935464843
    }
  ],
  "iteration_count": [
    {
      "params": {
        "N_P": 50,
        "T_max": 30,
        "c_1": 2.0,
        "c_2": 2.0,
        "w_strategy": "legacy",
        "p_m_base": 0.0,
        "select_gb": "random"
      },
      "time": 2.9140857458114624,
      "n_solutions": 55.0,
      "hypervolume": 0.04326961814886521,
      "spacing": 0.006744647036534295,
      "ecr_range": [
        0.07333333333333336,
        0.1622222222222222
      ],
      "j_range": [
        0.02727751960750136,
        0.049451681826025905
      ],
      "std_hv": 0.02461792298672251
    },
    {
      "params": {
        "N_P": 50,
        "T_max": 50,
        "c_1": 2.0,
        "c_2": 2.0,
        "w_strategy": "legacy",
        "p_m_base": 0.0,
        "select_gb": "random"
      },
      "time": 4.800116062164307,
      "n_solutions": 100.0,
      "hypervolume": 0.04380374211154991,
      "spacing": 0.003541609160327765,
      "ecr_range": [
        0.08000000000000002,
        0.10888888888888887
      ],
      "j_range": [
        0.023671232937162376,
        0.04731013782781243
      ],
      "std_hv": 0.029873564381501298
    },
    {
      "params": {
        "N_P": 50,
        "T_max": 100,
        "c_1": 2.0,
        "c_2": 2.0,
        "w_strategy": "legacy",
        "p_m_base": 0.0,
        "select_gb": "random"
      },
      "time": 9.415154933929443,
      "n_solutions": 100.0,
      "hypervolume": 0.054998727955648974,
      "spacing": 0.0021583658861949353,
      "ecr_range": [
        0.06444444444444442,
        0.1288888888888889
      ],
      "j_range": [
        0.02167088754663147,
        0.053902141212835424
      ],
      "std_hv": 0.022351638569764427
    }
  ],
  "inertia_strategy": [
    {
      "params": {
        "N_P": 50,
        "T_max": 100,
        "c_1": 2.0,
        "c_2": 2.0,
        "w_strategy": "legacy",
        "p_m_base": 0.0,
        "select_gb": "random"
      },
      "time": 8.864252209663391,
      "n_solutions": 100.0,
      "hypervolume": 0.07151035842515,
      "spacing": 0.003922786484209129,
      "ecr_range": [
        0.05111111111111111,
        0.10666666666666669
      ],
      "j_range": [
        0.02368643510179132,
        0.06674743906595391
      ],
      "std_hv": 0.002519089082065898
    },
    {
      "params": {
        "N_P": 50,
        "T_max": 100,
        "c_1": 2.0,
        "c_2": 2.0,
        "w_strategy": "standard",
        "p_m_base": 0.0,
        "select_gb": "random"
      },
      "time": 10.027644515037537,
      "n_solutions": 100.0,
      "hypervolume": 0.07177686983531004,
      "spacing": 0.0028146854326189068,
      "ecr_range": [
        0.05111111111111111,
        0.10888888888888892
      ],
      "j_range": [
        0.025602136419230388,
        0.06814951223404124
      ],
      "std_hv": 0.001290003827356223
    },
    {
      "params": {
        "N_P": 50,
        "T_max": 100,
        "c_1": 2.0,
        "c_2": 2.0,
        "w_strategy": "adaptive",
        "p_m_base": 0.0,
        "select_gb": "random"
      },
      "time": 8.127405524253845,
      "n_solutions": 100.0,
      "hypervolume": 0.04441312302206985,
      "spacing": 0.0035643366695709356,
      "ecr_range": [
        0.06666666666666665,
        0.1288888888888889
      ],
      "j_range": [
        0.024299871824018993,
        0.047942357612289224
      ],
      "std_hv": 0.028388258141898624
    }
  ],
  "learning_factors": [
    {
      "params": {
        "N_P": 50,
        "T_max": 100,
        "c_1": 1.5,
        "c_2": 2.0,
        "w_strategy": "standard",
        "p_m_base": 0.0,
        "select_gb": "random"
      },
      "time": 10.167718887329102,
      "n_solutions": 100.0,
      "hypervolume": 0.045995274946672764,
      "spacing": 0.001502973931305837,
      "ecr_range": [
        0.062222222222222234,
        0.09555555555555556
      ],
      "j_range": [
        0.025602136419238017,
        0.04984312787472059
      ],
      "std_hv": 0.024608476461013322
    },
    {
      "params": {
        "N_P": 50,
        "T_max": 100,
        "c_1": 2.0,
        "c_2": 2.0,
        "w_strategy": "standard",
        "p_m_base": 0.0,
        "select_gb": "random"
      },
      "time": 9.105598092079163,
      "n_solutions": 100.0,
      "hypervolume": 0.07177686983531004,
      "spacing": 0.0028146854326189068,
      "ecr_range": [
        0.05111111111111111,
        0.10888888888888892
      ],
      "j_range": [
        0.025602136419230388,
        0.06814951223404124
      ],
      "std_hv": 0.001290003827356223
    },
    {
      "params": {
        "N_P": 50,
        "T_max": 100,
        "c_1": 2.5,
        "c_2": 2.0,
        "w_strategy": "standard",
        "p_m_base": 0.0,
        "select_gb": "random"
      },
      "time": 9.402451992034912,
      "n_solutions": 100.0,
      "hypervolume": 0.07081726992995382,
      "spacing": 0.0043980420548269256,
      "ecr_range": [
        0.04888888888888887,
        0.13111111111111112
      ],
      "j_range": [
        0.027176654392626877,
        0.06836683079975409
      ],
      "std_hv": 0.00317144786399675
    }
  ],
  "mutation_rate": [
    {
      "params": {
        "N_P": 50,
        "T_max": 100,
        "c_1": 2.0,
        "c_2": 2.0,
        "w_strategy": "standard",
        "p_m_base": 0.0,
        "select_gb": "random"
      },
      "time": 9.857940435409546,
      "n_solutions": 100.0,
      "hypervolume": 0.04507780410670294,
      "spacing": 0.0017484725529507581,
      "ecr_range": [
        0.062222222222222234,
        0.12888888888888894
      ],
      "j_range": [
        0.026541876041571398,
        0.04983107489820947
      ],