{
  "normalization": {
    "norm_ecr": {
      "n": 19,
      "min": 0.017777777777777778,
      "max": 0.21777777777777776,
      "mean": 0.13216374269005848
    },
    "norm_nsols": 19,
    "norm_r": -0.9616863814130356,
    "raw_ecr": {
      "n": 13,
      "min": 0.022222222222222223,
      "max": 0.2,
      "mean": 0.09982905982905985
    },
    "raw_nsols": 13,
    "raw_r": -0.9374450392309089,
    "norm_obj": {
      "n": 38,
      "min": 0.7822222222222223,
      "max": 0.9999729203233071,
      "mean": 0.9338509561160385
    },
    "raw_obj": {
      "n": 26,
      "min": 0.8,
      "max": 2671005.2758482303,
      "mean": 666269.875908916
    }
  },
  "propagation": {
    "hetero_ecr": {
      "n": 17,
      "min": 0.008888888888888889,
      "max": 0.20444444444444446,
      "mean": 0.12026143790849672
    },
    "hetero_jmin": {
      "n": 17,
      "min": 1.0232217377989423e-07,
      "max": 2.13206853994679e-06,
      "mean": 7.519779103629431e-07
    },
    "hetero_r": -0.970588642806211,
    "uniform_ecr": {
      "n": 18,
      "min": 0.017777777777777778,
      "max": 0.2088888888888889,
      "mean": 0.11259259259259258
    },
    "uniform_jmin": {
      "n": 18,
      "min": 1.7535483449196048e-05,
      "max": 0.00013043635514663725,
      "mean": 6.800892656688331e-05
    },
    "uniform_r": -0.9733425331537774
  },
  "radar_count": {
    "4_ecr": {
      "n": 14,
      "min": 0.008888888888888889,
      "max": 0.09777777777777778,
      "mean": 0.05238095238095237
    },
    "4_jmin": {
      "n": 14,
      "min": 1.0430436791303353e-07,
      "max": 5.404666566451196e-07,
      "mean": 2.2817282109004588e-07
    },
    "4_n_sols": 14,
    "4_corr": -0.7779889765510752,
    "4_time": 11.50763487815857,
    "6_ecr": {
      "n": 15,
      "min": 0.0044444444444444444,
      "max": 0.1288888888888889,
      "mean": 0.0717037037037037
    },
    "6_jmin": {
      "n": 15,
      "min": 1.649113493129042e-07,
      "max": 1.1112817864172663e-06,
      "mean": 5.308425668265896e-07
    },
    "6_n_sols": 15,
    "6_corr": -0.9880869949468958,
    "6_time": 15.413410186767578,
    "8_ecr": {
      "n": 16,
      "min": 0.0044444444444444444,
      "max": 0.2222222222222222,
      "mean": 0.12055555555555555
    },
    "8_jmin": {
      "n": 16,
      "min": 1.5366121018721038e-07,
      "max": 2.136683552030229e-06,
      "mean": 1.0076998856868641e-06
    },
    "8_n_sols": 16,
    "8_corr": -0.9857304085200033,
    "8_time": 19.00677490234375,
    "10_ecr": {
      "n": 16,
      "min": 0.044444444444444446,
      "max": 0.27555555555555555,
      "mean": 0.15361111111111114
    },
    "10_jmin": {
      "n": 16,
      "min": 2.609658601295895e-07,
      "max": 2.739277294879637e-06,
      "mean": 1.3509286311836025e-06
    },
    "10_n_sols": 16,
    "10_corr": -0.9750982133223614,
    "10_time": 23.16863512992859,
    "12_ecr": {
      "n": 16,
      "min": 0.1111111111111111,
      "max": 0.30666666666666664,
      "mean": 0.20527777777777778
    },
    "12_jmin": {
      "n": 16,
      "min": 7.67994699062087e-07,
      "max": 3.972677085080113e-06,
      "mean": 1.9298338756775627e-06
    },
    "12_n_sols": 16,
    "12_corr": -0.949114945488367,
    "12_time": 23.272584438323975
  },
  "region": {
    "Rectangle_n_polygons": 1,
    "Rectangle_ecr": {
      "n": 19,
      "min": 0.057777777777777775,
      "max": 0.19555555555555557,
      "mean": 0.12678362573099414
    },
    "Rectangle_jmin": {
      "n": 19,
      "min": 1.68210287647921e-07,
      "max": 2.001786907775727e-06,
      "mean": 9.375013527083343e-07
    },
    "Rectangle_n_sols": 19,
    "Rectangle_corr": -0.9693832635892232,
    "Rectangle_time": 23.135013103485107,
    "L_Shape_n_polygons": 2,
    "L_Shape_ecr": {
      "n": 18,
      "min": 0.04861111111111111,
      "max": 0.3402777777777778,
      "mean": 0.2195216049382716
    },
    "L_Shape_jmin": {
      "n": 18,
      "min": 2.5886632480596984e-07,
      "max": 3.812555081241156e-06,
      "mean": 1.823201930327381e-06
    },
    "L_Shape_n_sols": 18,
    "L_Shape_corr": -0.9836024672148957,
    "L_Shape_time": 31.41121554374695,
    "With_Hole_n_polygons": 4,
    "With_Hole_ecr": {
      "n": 13,
      "min": 0.06818181818181818,
      "max": 0.20454545454545456,
      "mean": 0.13723776223776224
    },
    "With_Hole_jmin": {
      "n": 13,
      "min": 1.8678840404847445e-07,
      "max": 2.1485647527380004e-06,
      "mean": 9.8155407753677e-07
    },
    "With_Hole_n_sols": 13,
    "With_Hole_corr": -0.9471636903567447,
    "With_Hole_time": 29.60702872276306
  },
  "transform": {
    "transform_ecr": {
      "n": 17,
      "min": 0.008888888888888889,
      "max": 0.2,
      "mean": 0.09882352941176471
    },
    "transform_r": -0.9616777167082942,
    "direct_ecr": {
      "n": 18,
      "min": 0.02666666666666667,
      "max": 0.21333333333333335,
      "mean": 0.12098765432098764
    },
    "direct_r": -0.9625401149440677
  }
}