{
  "scenario": "challenging_scene",
  "n_solutions": 10,
  "ecr_min": 0.03111111111111111,
  "ecr_max": 0.2222222222222222,
  "j_min_min": 0.003691317629223443,
  "j_min_max": 0.009819749852528448,
  "correlation": -0.9682603912543354,
  "knee_index": 4,
  "ecr_values": [
    0.09777777777777778,
    0.10666666666666667,
    0.18222222222222223,
    0.05333333333333334,
    0.1511111111111111,
    0.03111111111111111,
    0.2222222222222222,
    0.15555555555555556,
    0.12,
    0.19555555555555557
  ],
  "j_min_values": [
    0.009087152766232273,
    0.007860977442609867,
    0.005290078324607806,
    0.009140563367179772,
    0.006533658673880562,
    0.009819749852528448,
    0.003691317629223443,
    0.005320926487196143,
    0.007080530182539038,
    0.005171135569127393
  ],
  "objectives": [
    [
      0.9022222222222223,
      0.3549333245318358
    ],
    [
      0.8933333333333333,
      0.38877293607227265
    ],
    [
      0.8177777777777777,
      0.48590494587902705
    ],
    [
      0.9466666666666667,
      0.3535926988768866
    ],
    [
      0.8488888888888889,
      0.4335137789339786
    ],
    [
      0.9688888888888889,
      0.3373876088339084
    ],
    [
      0.7777777777777778,
      0.5752867580928656
    ],
    [
      0.8444444444444444,
      0.4844526271703999
    ],
    [
      0.88,
      0.41388911604541917
    ],
    [
      0.8044444444444444,
      0.49158718973502424
    ]
  ],
  "n_archived_solutions": 10
}