{
  "scenario": "paper_aligned",
  "elapsed_seconds": 271.1490261554718,
  "n_solutions": 7,
  "ecr_min": 0.78,
  "ecr_max": 0.85,
  "j_min_min": 3.712056923924812e-06,
  "j_min_max": 6.019031625927665e-06,
  "correlation": -0.9231038749233534,
  "knee_index": 6,
  "ecr_values": [
    0.79,
    0.85,
    0.84,
    0.81,
    0.8,
    0.78,
    0.83
  ],
  "j_min_values": [
    5.9996094679880816e-06,
    3.712056923924812e-06,
    3.9557791426424265e-06,
    5.6117233588425354e-06,
    5.7364102722165624e-06,
    6.019031625927665e-06,
    5.309483870087993e-06
  ],
  "objectives": [
    [
      0.20999999999999996,
      0.04233992111601139
    ],
    [
      0.15000000000000002,
      0.06669111160266199
    ],
    [
      0.16000000000000003,
      0.06284046562245515
    ],
    [
      0.18999999999999995,
      0.045134346715050684
    ],
    [
      0.19999999999999996,
      0.04419667936433282
    ],
    [
      0.21999999999999997,
      0.042209067898307445
    ],
    [
      0.17000000000000004,
      0.04758130065755712
    ]
  ]
}