{
  "particle_count": [
    {
      "params": {
        "N_P": 20,
        "T_max": 100,
        "c_1": 2.0,
        "c_2": 2.0,
        "w_strategy": "legacy",
        "p_m_base": 0.0,
        "select_gb": "random"
      },
      "time": 17.893055319786072,
      "n_solutions": 12.5,
      "hypervolume": 0.03227125382359769,
      "spacing": 0.034366361097293664,
      "ecr_range": [
        0.2177777777777778,
        0.56
      ],
      "j_range": [
        0.04097184448232505,
        0.06334447198872321
      ],
      "std_hv": 0.011416231411506671
    },
    {
      "params": {
        "N_P": 30,
        "T_max": 100,
        "c_1": 2.0,
        "c_2": 2.0,
        "w_strategy": "legacy",
        "p_m_base": 0.0,
        "select_gb": "random"
      },
      "time": 26.00344145298004,
      "n_solutions": 13.0,
      "hypervolume": 0.032648499633034095,
      "spacing": 0.03268380262073858,
      "ecr_range": [
        0.22666666666666663,
        0.5533333333333333
      ],
      "j_range": [
        0.04371437316848776,
        0.06872920587345513
      ],
      "std_hv": 0.0003164466322970842
    },
    {
      "params": {
        "N_P": 50,
        "T_max": 100,
        "c_1": 2.0,
        "c_2": 2.0,
        "w_strategy": "legacy",
        "p_m_base": 0.0,
        "select_gb": "random"
      },
      "time": 45.66785454750061,
      "n_solutions": 9.0,
      "hypervolume": 0.030751774934136358,
      "spacing": 0.03666597739624142,
      "ecr_range": [
        0.36000000000000004,
        0.56
      ],
      "j_range": [
        0.03931497388047257,
        0.07601755028557634
      ],
      "std_hv": 0.0011824179746894627
    },
    {
      "params": {
        "N_P": 80,
        "T_max": 100,
        "c_1": 2.0,
        "c_2": 2.0,
        "w_strategy": "legacy",
        "p_m_base": 0.0,
        "select_gb": "random"
      },
      "time": 71.55583655834198,
      "n_solutions": 10.5,
      "hypervolume": 0.03896816636282667,
      "spacing": 0.01541796747071435,
      "ecr_range": [
        0.24222222222222223,
        0.5644444444444445
      ],
      "j_range": [
        0.03694138847079151,
        0.07474686657100349
      ],
      "std_hv": 0.005058599454798713
    }
  ],
  "iteration_count": [
    {
      "params": {
        "N_P": 50,
        "T_max": 30,
        "c_1": 2.0,
        "c_2": 2.0,
        "w_strategy": "legacy",
        "p_m_base": 0.0,
        "select_gb": "random"
      },
      "time": 13.33600389957428,
      "n_solutions": 13.5,
      "hypervolume": 0.04636779802124873,
      "spacing": 0.05091202620218385,
      "ecr_range": [
        0.1422222222222222,
        0.5555555555555556
      ],
      "j_range": [
        0.04261473682572816,
        0.07849378242024468
      ],
      "std_hv": 4.60038308035815e-05
    },
    {
      "params": {
        "N_P": 50,
        "T_max": 50,
        "c_1": 2.0,
        "c_2": 2.0,
        "w_strategy": "legacy",
        "p_m_base": 0.0,
        "select_gb": "random"
      },
      "time": 21.339274406433105,
      "n_solutions": 8.5,
      "hypervolume": 0.02821042027971856,
      "spacing": 0.036608364209772454,
      "ecr_range": [
        0.30444444444444446,
        0.5533333333333333
      ],
      "j_range": [
        0.0400343713149023,
        0.06596011500205014
      ],
      "std_hv": 0.002150824906310314
    },
    {
      "params": {
        "N_P": 50,
        "T_max": 100,
        "c_1": 2.0,
        "c_2": 2.0,
        "w_strategy": "legacy",
        "p_m_base": 0.0,
        "select_gb": "random"
      },
      "time": 38.86163651943207,
      "n_solutions": 9.0,
      "hypervolume": 0.030751774934136358,
      "spacing": 0.03666597739624142,
      "ecr_range": [
        0.36000000000000004,
        0.56
      ],
      "j_range": [
        0.03931497388047257,
        0.07601755028557634
      ],
      "std_hv": 0.0011824179746894627
    }
  ],
  "inertia_strategy": [
    {
      "params": {
        "N_P": 50,
        "T_max": 100,
        "c_1": 2.0,
        "c_2": 2.0,
        "w_strategy": "legacy",
        "p_m_base": 0.0,
        "select_gb": "random"
      },
      "time": 21.4100581407547,
      "n_solutions": 13.0,
      "hypervolume": 0.031041383137656947,
      "spacing": 0.011429897306588884,
      "ecr_range": [
        0.32222222222222224,
        0.56
      ],
      "j_range": [
        0.03905256452402983,
        0.07254032570547915
      ],
      "std_hv": 0.0008177524982144104
    },
    {
      "params": {
        "N_P": 50,
        "T_max": 100,
        "c_1": 2.0,
        "c_2": 2.0,
        "w_strategy": "standard",
        "p_m_base": 0.0,
        "select_gb": "random"
      },
      "time": 20.79486572742462,
      "n_solutions": 10.5,
      "hypervolume": 0.039731625776969884,
      "spacing": 0.020185253524159827,
      "ecr_range": [
        0.22888888888888892,
        0.5466666666666666
      ],
      "j_range": [
        0.0452153450852976,
        0.07810249373451521
      ],
      "std_hv": 0.010864317155544291
    },
    {
      "params": {
        "N_P": 50,
        "T_max": 100,
        "c_1": 2.0,
        "c_2": 2.0,
        "w_strategy": "adaptive",
        "p_m_base": 0.0,
        "select_gb": "random"
      },
      "time": 21.536796808242798,
      "n_solutions": 12.5,
      "hypervolume": 0.038347007663228766,
      "spacing": 0.013771681236794868,
      "ecr_range": [
        0.20444444444444443,
        0.5533333333333333
      ],
      "j_range": [
        0.04097334758384212,
        0.07466073444365545
      ],
      "std_hv": 0.005153466996101766
    }
  ],
  "learning_factors": [
    {
      "params": {
        "N_P": 50,
        "T_max": 100,
        "c_1": 1.5,
        "c_2": 2.0,
        "w_strategy": "standard",
        "p_m_base": 0.0,
        "select_gb": "random"
      },
      "time": 21.2356516122818,
      "n_solutions": 10.5,
      "hypervolume": 0.04597825031766482,
      "spacing": 0.029849646447958997,
      "ecr_range": [
        0.1288888888888889,
        0.5577777777777777
      ],
      "j_range": [
        0.040269207376971594,
        0.07577797329253097
      ],
      "std_hv": 0.004163242167506166
    },
    {
      "params": {
        "N_P": 50,
        "T_max": 100,
        "c_1": 2.0,
        "c_2": 2.0,
        "w_strategy": "standard",
        "p_m_base": 0.0,
        "select_gb": "random"
      },
      "time": 21.02284872531891,
      "n_solutions": 10.5,
      "hypervolume": 0.039731625776969884,
      "spacing": 0.020185253524159827,
      "ecr_range": [
        0.22888888888888892,
        0.5466666666666666
      ],
      "j_range": [
        0.0452153450852976,
        0.07810249373451521
      ],
      "std_hv": 0.010864317155544291
    },
    {
      "params": {
        "N_P": 50,
        "T_max": 100,
        "c_1": 2.5,
        "c_2": 2.0,
        "w_strategy": "standard",
        "p_m_base": 0.0,
        "select_gb": "random"
      },
      "time": 34.49793577194214,
      "n_solutions": 12.0,
      "hypervolume": 0.040932602029089354,
      "spacing": 0.028782518739378038,
      "ecr_range": [
        0.20444444444444448,
        0.5533333333333333
      ],
      "j_range": [
        0.04354985557957272,
        0.07855264926978417
      ],
      "std_hv": 0.0015215032134238138
    }
  ],
  "mutation_rate": [
    {
      "params": {
        "N_P": 50,
        "T_max": 100,
        "c_1": 2.0,
        "c_2": 2.0,
        "w_strategy": "standard",
        "p_m_base": 0.0,
        "select_gb": "random"
      },
      "time": 41.313493728637695,
      "n_solutions": 11.0,
      "hypervolume": 0.04086159065490666,
      "spacing": 0.013379658451436228,
      "ecr_range": [
        0.12444444444444441,
        0.5511111111111111
      ],
      "j_range": [
        0.040831817886964814,
        0.07030691820610234
      ],
      "std_hv": 0.0008553900301822188
    },
    {
      "params": {
        "N_P": 50,
        "T_max": 100,
        "c_1": 2.0,
        "c_2": 2.0,